bird_id,model,top1_acc,dist_km_median
91732A,markov,0.683222290200253,16.676780757931333
91732A,persistence,0.7342364240703381,16.676780757931333
91734A,markov,0.6623655913978495,6.195113746313734
91734A,persistence,0.8623655913978494,6.195113746313734
91735A,markov,0.4136021505376344,20.546730789174802
91735A,persistence,0.5710215053763441,22.71225574228334
91737A,markov,0.2530692111898283,970.8081892424896
91737A,persistence,0.6251816431970709,26.901308334663234
91738A,markov,0.6179392446633826,14.312424608173103
91738A,persistence,0.5752257799671593,26.107817205422684
91739A,markov,0.3942356891416032,37.28425918968313
91739A,persistence,0.6043075532591661,20.061789090118324
91740A,markov,0.2993388098577439,18.36800150131156
91740A,persistence,0.6927302477793361,17.541466296949938
91741A,markov,0.7226190476190476,10.825172848928535
91741A,persistence,0.7783882783882784,11.037953613448472
91742A,markov,0.27120719255444115,4047.6506542063853
91742A,persistence,0.8477918586789555,21.253212755243673
91743A,markov,0.28205128205128205,34.0292514570713
91743A,persistence,0.733974358974359,20.569592836224828
91745A,markov,0.3125,146.03210242617106
91745A,persistence,0.8180555555555555,10.699730730143777
91746A,markov,0.4814807458022141,16.59285582029885
91746A,persistence,0.6308398220244716,14.635504305334987
91747A,markov,0.6153846153846154,19.34149782114671
91747A,persistence,0.8653846153846154,19.34149782114671
91748A,markov,0.33671399594320484,6416.590254283585
91748A,persistence,0.49321452719018644,29.51005967488349
91749A,markov,0.2662754828978738,14.662566071415476
91749A,persistence,0.585568043594609,11.894297721827545
91750A,markov,0.49583333333333335,13.508682535926464
91750A,persistence,0.7828703703703704,13.294535213841407
91751A,markov,0.4793870921682016,26.284227334231723
91751A,persistence,0.6777366213206761,16.576739085690406
91752A,markov,0.061831654313254686,767.9485605446146
91752A,persistence,0.8074853855730549,24.557494149227708
91754A,markov,0.3161290322580645,6201.891879522744
91754A,persistence,0.7062427035330261,13.264562041035134
91758A,markov,0.5753657779170975,22.91632660620012
91758A,persistence,0.6588833356282037,22.91632660620012
91759A,markov,0.3685728250244379,46.175756696589204
91759A,persistence,0.6582258064516129,27.821858783214815
91761A,markov,0.5169537299313013,31.040686056310598
91761A,persistence,0.6868920666201749,21.00422587548354
91762A,markov,0.46885781379663466,28.924130214907816
91762A,persistence,0.6849324425728764,27.537918984013615
91763A,markov,0.6944603941203197,16.23088659559471
91763A,persistence,0.8654312479308186,15.990155544303729
91764A,markov,0.4155288160664505,34.16671399024419
91764A,persistence,0.5079308186835069,27.29472679603098
91766A,markov,1.0,20.408437089601552
91766A,persistence,1.0,20.408437089601552
91771A,markov,0.5373079877112135,13.680117804352879
91771A,persistence,0.8890937019969278,13.67163208930387
91774A,markov,0.5682913860333215,17.180527893673435
91774A,persistence,0.7461912639331993,10.618879473885201
91775A,markov,0.3888888888888889,3161.4492911579573
91775A,persistence,0.7172514619883041,26.542435413098456
91776A,markov,0.6451612903225806,19.521933136079213
91776A,persistence,0.978494623655914,19.50145792568047
91779A,markov,0.3525345622119816,35.36242574289127
91779A,persistence,0.4232718894009217,34.655454420187894
91780A,markov,0.33502019214629186,73.55905586943913
91780A,persistence,0.6981134625122896,26.246618950037067
91781A,markov,0.7017281105990784,11.453034152781935
91781A,persistence,0.7428187403993856,11.453034152781935
91782A,markov,0.2855007756425999,53.28618926998694
91782A,persistence,0.7876525927415805,14.514201846488467
91783A,markov,0.2696620583717358,2956.2196896918804
91783A,persistence,0.6932411674347159,26.765309723576628
91788A,markov,0.46673221515326785,32.02789938196019
91788A,persistence,0.5206809331019857,30.67916988399424
91789A,markov,0.5710965634564956,21.55406064758964
91789A,persistence,0.9232820681462447,20.283764921582915
91794A,markov,0.33044444444444443,52.19876477847602
91794A,persistence,0.6638005698005698,19.147922487885722
91795A,markov,0.9230769230769231,26.15772096043044
91795A,persistence,1.0,26.153556833681094
91798A,markov,0.5941176470588235,26.22277155213567
91798A,persistence,0.9018099547511312,26.136157438210454
91799A,markov,0.13636363636363635,174.55022696940483
91799A,persistence,0.6914983164983165,20.922073241363037
91802A,markov,0.3416666666666667,4504.5864392748645
91802A,persistence,0.8337301587301587,14.172239937969735
91803A,markov,0.5885836385836386,31.407419410596496
91803A,persistence,0.7413614163614164,21.802635724570727
91809A,markov,0.46990740740740744,30.103485506484034
91809A,persistence,0.6813566734937703,23.323479520563048
91810A,markov,0.10057471264367815,39.47183520376051
91810A,persistence,0.7988505747126436,15.163865689149347
91811A,markov,0.06666666666666667,2485.343576409283
91811A,persistence,0.7141173003241968,21.855265605745252
91812A,markov,0.19722222222222222,2050.7851313445813
91812A,persistence,0.617768959435626,24.71622391194581
91813A,markov,0.5560344827586207,24.65637226551115
91813A,persistence,0.7465106732348111,24.65637226551115
91814A,markov,0.5646054432049319,23.705796981461134
91814A,persistence,0.8332061830861471,9.838063691630603
91819A,markov,0.6370773524720893,15.552459821124675
91819A,persistence,0.6356419457735247,15.552459821124675
91821A,markov,0.3678571428571429,1189.7059781872476
91821A,persistence,0.7561904761904762,26.729205194788054
91823A,markov,0.4038659178404562,23.90795523583743
91823A,persistence,0.7182279581263856,13.65256338330567
91824A,markov,0.6175268817204301,15.66007317983567
91824A,persistence,0.7308602150537634,15.53747247691778
91826A,markov,0.13717152412804587,3467.3592387538556
91826A,persistence,0.6027038179212092,25.282339493522603
91831A,markov,0.5073391363713945,29.13697439421708
91831A,persistence,0.5526540365250043,28.12164002120385
91832A,markov,0.5137409797070126,31.38152008075124
91832A,persistence,0.7137705479774746,23.014502275964972
91836A,markov,0.4483870967741936,24.54356311973288
91836A,persistence,0.8621505376344085,17.96797260961843
91837A,markov,0.30419004680043343,172.32675203263457
91837A,persistence,0.5215409286731639,28.009925579982777
91845A,markov,0.08333333333333333,1541.4224916232324
91845A,persistence,0.5085794581762323,24.983631683617205
91846A,markov,0.2558670421573647,46.027964828295495
91846A,persistence,0.4536164169579317,31.395877253278087
91849A,markov,0.394017094017094,25.060946638335437
91849A,persistence,0.4649572649572649,24.214871721329867
91852A,markov,0.5708333333333333,11.34573326108578
91852A,persistence,0.8597222222222222,11.34573326108578
91861A,markov,0.585752688172043,23.580027175544267
91861A,persistence,0.6205495818399044,19.89848326935864
91862A,markov,0.6443183983225244,23.04082074831556
91862A,persistence,0.8552300954026385,22.953487318840644
91864A,markov,0.4380704892735367,22.622013207175424
91864A,persistence,0.8028355849596508,13.455423296199648
91865A,markov,0.7735042735042734,21.202766690032853
91865A,persistence,0.7735042735042734,21.202766690032853
91870A,markov,0.5430555555555555,18.771022858107155
91870A,persistence,0.6097222222222222,18.771022858107155
91871A,markov,0.33416666666666667,1727.021504770194
91871A,persistence,0.7875,26.259897200532933
91872A,markov,0.6168831168831169,25.630760009249972
91872A,persistence,0.764069264069264,25.49080012976039
91877A,markov,0.371875,1657.7163601067489
91877A,persistence,0.5952083333333333,19.937010842522483
91878A,markov,0.8335637480798771,20.853118211199774
91878A,persistence,0.8197388632872504,20.853118211199774
91881A,markov,0.35618279569892475,3404.501098770189
91881A,persistence,0.703763440860215,25.6348172094577
91884A,markov,0.440422322775264,21.226021839559568
91884A,persistence,0.7420814479638009,21.226021839559568
91893A,markov,0.5177777777777778,26.636291850728643
91893A,persistence,0.5177777777777778,28.04991495144465
91900A,markov,0.38963210702341133,32.37104913154846
91900A,persistence,0.5635451505016722,19.551675617790586
91903A,markov,0.11226851851851852,2340.856462805787
91903A,persistence,0.7066203703703704,22.931768933592828
91907A,markov,0.21979166666666666,3746.3328071377537
91907A,persistence,0.5538546466973886,23.842037766498017
91908A,markov,0.41964285714285715,41.66586210042392
91908A,persistence,0.4285714285714286,21.106358940811248
91910A,markov,0.35326784561040975,30.93894282710707
91910A,persistence,0.7587632063479868,26.466093691900795
91911A,markov,0.2808333333333334,4331.041503145252
91911A,persistence,0.794469696969697,18.19661793856259
91916A,markov,0.2796725704767011,1041.788341572597
91916A,persistence,0.7313985260743493,13.595534101571676
91920A,markov,0.5916666666666667,17.43898500662575
91920A,persistence,0.625,17.358002305760856
